usuario_id,municipio,cargo,data_criacao_cadastro
a034d9fc-d54a-4a89-bdef-2e596af3a856,São Roque - SP,Coordenação de Equipe,23/3/2023
877b90f4-d597-4348-a2e7-e29c4f3b3f4e,Marechal Thaumaturgo - AC,Coordenação APS,24/10/2023
83d92bea-1688-4fb0-8332-b9e54d97d3ec,Jacobina - BA,Coordenação de Equipe,4/4/2023
62009c46-5bb3-43d0-b510-18bf0a176bab,Santa Luz - PI,Coordenação de Equipe,25/5/2023
91e21d61-6a57-4e85-9d6b-b009bc677e59,Brejo de Areia - MA,Coordenação de Equipe,29/8/2023
9d2e6a1f-744e-433f-a2cf-cc8398e2f719,Itabira - MG,Coordenação de Equipe,12/7/2023
a62fe3d3-5ffd-477a-8016-d8dc2a960f88,Brasiléia - AC,Coordenação de Equipe,28/11/2023
4d97e0da-7c34-4dc4-b997-6bcb352124cb,Balneário Piçarras - SC,Coordenação APS,29/8/2023
5d477919-6507-47ce-9529-d91a483427ab,Três Marias - MG,Coordenação de Equipe,10/11/2022
e4ab363e-edbe-4ee5-b85b-4843b2b5b647,Goiabeira - MG,Coordenação APS,20/7/2023
10594f57-d3ac-4149-a3ef-62776a5a89db,Campos Novos - SC,Coordenação de Equipe,14/11/2023
cc2a1910-e594-43fe-a065-6d73f04de241,Betânia - PE,Coordenação de Equipe,14/8/2023
bde91d71-2c92-4743-88a2-6b4e7723a262,Monsenhor Tabosa - CE,Coordenação de Equipe,21/2/2024
e27a6b81-09c8-46d0-958d-54cbfcaf687c,Paes Landim - PI,Coordenação de Equipe,9/5/2023
0d458f4d-cf99-444c-ab8c-0b617348de0e,Itabira - MG,Coordenação de Equipe,7/7/2023
54e16810-44be-4c92-ada8-04b2c32a820e,Goiabeira - MG,Coordenação de Equipe,20/7/2023
3a7871ea-298a-47be-b1c2-de6c39cdabe9,Amargosa - BA,Coordenação de Equipe,13/6/2024
3a2ccd1b-9763-4817-94a3-de256086b20f,Inhambupe - BA,Coordenação de Equipe,14/8/2023
09328a7a-21c0-42e2-8308-fa9a44c21d7a,Vitorino Freire - MA,Coordenação de Equipe,24/10/2023
b9f5b01f-0db0-48cf-a5e8-a33ce77c03b4,Jacobina - BA,Coordenação de Equipe,4/4/2023
64ffb167-f76a-45df-bf41-0d43912a14eb,Paes Landim - PI,Coordenação APS,9/5/2023
c97ee0e8-2899-4196-8b2d-8e0e5552caff,Vitorino Freire - MA,Coordenação de Equipe,24/10/2023
bacd8bae-d768-49dc-8b51-d6110ef0a85f,Sigefredo Pacheco - PI,Coordenação de Equipe,19/3/2024
602064bd-5326-4617-81ad-37aa915edb67,Oiapoque - AP,Coordenação de Equipe,13/6/2024
730f5592-7164-446e-9eec-2863f5877817,Jandaíra - BA,Coordenação de Equipe,30/6/2023
96d13f8d-c092-4a71-99b7-efaeba8ca6f0,Salvaterra - PA,Coordenação APS,14/5/2024
7c12c5cb-22cd-4eaa-b697-85cdef7ce8cd,Palmeira das Missões - RS,Coordenação de Equipe,24/10/2023
8119da23-8f8b-4686-863e-118fc3653a80,Campos Novos - SC,Coordenação de Equipe,14/11/2023
8f16f2e6-8b11-4761-b56e-83dd0e09f3b6,Palmeira das Missões - RS,Coordenação de Equipe,24/10/2023
11c1bba6-3c31-4531-9df4-6ebba059d54c,Jacobina - BA,Coordenação de Equipe,23/1/2024
f67a688f-12e9-4f83-89be-9e091e1315e0,Bonfim - RR,Coordenação de Equipe,4/4/2023
4f72175a-f48a-46e2-8fbc-48dcd4bcf304,Amargosa - BA,Coordenação de Equipe,13/6/2024
8ee504e2-995f-45f3-a205-8ff322269dc0,Chaves - PA,Coordenação de Equipe,30/11/2023
f17141af-4c13-4166-88a5-93596d84d8d5,Guapó - GO,Coordenação de Equipe,10/11/2022
739bb938-fbb4-4c9a-92a8-3aadb6ad0f91,Paulo Ramos - MA,Coordenação de Equipe,25/3/2024
8f5fdc2b-3024-4d01-9a41-a22dbcc7a4c8,Fartura do Piauí - PI,Coordenação de Equipe,4/4/2023
732384a4-a747-4e9e-b881-26fe1b0149b1,Oiapoque - AP,Coordenação APS,16/3/2023
e2680cfb-ca1e-44f3-b24e-f020220ef622,Jaguapitã - PR,Coordenação APS,9/2/2023
540e415c-219d-494c-b53e-7ad3d230765f,Santo Antônio do Descoberto - GO,Coordenação de Equipe,16/3/2023
b95c4f14-a963-4e0a-b8e2-e227baaadefa,Palmeira das Missões - RS,Coordenação de Equipe,24/10/2023
f4856306-da19-48e9-bea3-42a1b3565583,Itabira - MG,Coordenação de Equipe,7/7/2023
2c3ba204-f041-4d44-830c-cd3f6184dcf9,Francisco Badaró - MG,Coordenação de Equipe,7/3/2024
8249e799-62d1-4d44-9497-f0f20909f202,Rio Piracicaba - MG,Coordenação de Equipe,10/11/2022
c1f482b7-41cc-4775-95b3-7a8e235d5fe2,Dois Vizinhos - PR,Coordenação de Equipe,5/6/2023
d2dcaf2e-2e9a-4bb8-bea2-191c9cb3fafd,Carmo do Rio Claro - MG,Coordenação de Equipe,8/2/2023
5d0f5fc2-d62c-47b7-951e-de30e16a7a92,Tamandaré - PE,Coordenação de Equipe,22/11/2022
e639d849-4d2a-4b79-86bb-b014fea5f781,Amargosa - BA,Coordenação de Equipe,13/6/2024
8ee3f5fc-be8c-4ec8-b10f-91cd53e2cf2e,Lago Verde - MA,Coordenação APS,16/11/2023
aab49c64-84c5-4b47-8359-0583dc7447f3,Minaçu - GO,Coordenação de Equipe,10/11/2022
6b1eee9e-d99c-49d2-8b34-ce86014980f4,Boa Vista - PB,Coordenação de Equipe,3/3/2023
5d51e66d-697f-4a26-8e5e-ef9dd5994527,Goiabeira - MG,Coordenação de Equipe,20/7/2023
1f31905f-670b-4b81-b47f-c4967687006b,São Roque - SP,Coordenação de Equipe,14/8/2023
dec6bb91-05a8-4709-a7af-ab2aba6d1f3e,Marajá do Sena - MA,Coordenação APS,1/9/2023
6f4c79bc-b889-49e8-99b5-d39238ec6fd9,Brasiléia - AC,Coordenação de Equipe,28/11/2023
0014b0b8-c3a8-48d8-abad-85f2e170ee9c,Dois Vizinhos - PR,Coordenação de Equipe,5/6/2023
f27b3a44-7f4e-4f11-906c-80648db5de56,Dois Vizinhos - PR,Coordenação de Equipe,5/6/2023
7026b472-1abe-4391-8a9b-f98f3d785001,Jacobina - BA,Coordenação de Equipe,23/1/2024
387020e2-ee4b-4f8a-982a-e0f4238c1ee5,Monsenhor Tabosa - CE,Coordenação de Equipe,21/2/2024
6edaf8b9-95ca-4c83-80af-920c40247afc,Lagoa do Ouro - PE,Coordenação de Equipe,7/3/2024
68bd5b35-d998-4176-a9df-e15f05554b29,Santo Antônio do Descoberto - GO,Coordenação de Equipe,16/3/2023
4b96d13c-1c16-46b4-8c18-1570a635ab6f,Campos Novos - SC,Coordenação APS,14/11/2023
908ff481-f147-4941-ae68-5789923661e3,Baraúna - RN,Coordenação de Equipe,18/3/2024
8db533d9-cb95-4b69-8eca-af72018e724a,Monsenhor Tabosa - CE,Coordenação de Equipe,21/2/2024
79ef8a8a-7e20-4b90-9cdd-1031d070cd6d,Carmo do Rio Claro - MG,Coordenação de Equipe,18/4/2024
e31a885e-1f40-40f7-a862-6f579f1505b7,Bonfim - RR,Coordenação de Equipe,4/4/2023
c64705ae-98b5-4ccb-bd31-a10993bc628c,Guapó - GO,Coordenação de Equipe,10/11/2022
0b698cf7-4149-4392-866c-480de703b4ba,Rodrigues Alves - AC,Coordenação APS,2/4/2024
40a191f5-f728-4210-9b58-ce8746d4ffb3,São Roque - SP,Coordenação de Equipe,6/3/2023
574987c4-f56c-4f77-869e-fdb39673b289,Bonfim - RR,Coordenação APS,4/4/2023
885207ec-8b1b-46d1-b61c-ac508debfb41,Balneário Piçarras - SC,Coordenação de Equipe,29/8/2023
67efd985-77ef-4842-b49a-018c5c62f4d8,Nova Olinda do Maranhão - MA,Coordenação de Equipe,8/12/2022
e43ae38d-fd32-4bcb-a714-47b0c8f365b4,Jacobina - BA,Coordenação APS,23/1/2024
c53805dc-9c8e-44b9-a38c-b3d9d934ac75,Formosa do Rio Preto - BA,Coordenação de Equipe,17/8/2023
e671757c-e944-4818-96f9-38bdb76f8f3e,Alagoinha - PE,Coordenação de Equipe,7/12/2022
40bf9c90-cb50-43f5-9f33-e7f7313d1b05,Paulo Ramos - MA,Coordenação de Equipe,25/3/2024
f336bd24-aa0d-409c-ad1a-672a490d5e96,São Roque - SP,Coordenação de Equipe,6/3/2023
e70f77a1-559e-4f71-be9f-74177fa512cb,José Gonçalves de Minas - MG,Coordenação APS,9/4/2024
89ed26a7-b4f0-4b6d-801a-ca58715c0e26,Baraúna - RN,Coordenação de Equipe,16/3/2023
7e03e8cd-7c04-4c53-ac86-122800a43f7b,Minaçu - GO,Coordenação de Equipe,23/6/2023
099dfb55-c283-428d-ad93-cd537a51643b,Paulo Ramos - MA,Coordenação de Equipe,25/3/2024
9422f21e-be62-4577-971f-6e2e3d6c9945,Loreto - MA,Coordenação APS,13/6/2024
6a4b06aa-b0e8-4e04-8605-62a7fd6d7b01,Jaguapitã - PR,Coordenação de Equipe,9/2/2023
0d7d8216-15ff-4f1a-a91f-ea4bd6e500a0,Juquitiba - SP,Coordenação de Equipe,8/11/2022
0420edcb-d4b6-4464-ae50-b02e3b87aec7,Vitorino Freire - MA,Coordenação de Equipe,24/10/2023
021f43b9-c167-44b3-bc42-5420212df999,Paes Landim - PI,Coordenação APS,9/5/2023
4fde2455-b036-42c1-b600-28a09d2bee93,São Roque - SP,Coordenação de Equipe,9/3/2023
18a5e5dc-a9b0-4a3f-8fc3-a70c94b38852,Baraúna - RN,Coordenação de Equipe,16/3/2023
4f567e76-c420-4f55-9add-6bcd84d11eda,Amargosa - BA,Coordenação de Equipe,13/6/2024
e2ac055f-9650-45a3-851e-23bd06122eec,Alagoinha - PE,Coordenação de Equipe,7/12/2022
cdf22ed6-a6c0-4c6d-a665-0f4672c125a5,Campos Novos - SC,Coordenação APS,14/11/2023
cb17e5d5-54e1-413f-894a-4b6f1284e7b7,Paulo Ramos - MA,Coordenação de Equipe,25/3/2024
1b67aa11-ea82-4fd0-acc6-af38bc957fca,Lagoa do Ouro - PE,Coordenação de Equipe,8/3/2024
f2a9d687-ded5-4a3a-be5b-ae477b021b52,Itabira - MG,Coordenação APS,11/7/2023
e066f08b-9225-4f96-abe1-3ace01481d45,Brejo de Areia - MA,Coordenação de Equipe,17/2/2023
fc23bd06-faf1-4207-acbb-f6c9cddc5d98,Jacobina - BA,Coordenação de Equipe,24/4/2023
88d25e65-0899-4ff5-b709-5eec81a6cf3f,Lago Verde - MA,Coordenação de Equipe,16/11/2023
85fbd300-6d7d-4608-865a-c79b2fad590c,Alvinópolis - MG,Coordenação de Equipe,6/3/2023
b12e1611-2644-4819-b7ab-44d18522bb26,Loreto - MA,Coordenação de Equipe,13/6/2024
7f8347f5-5ada-46e8-876d-1a89a03fdd59,Itabira - MG,Coordenação de Equipe,7/7/2023
7703ef38-1f75-464b-8339-61d90eb351e0,Itabira - MG,Coordenação de Equipe,7/7/2023
66944e5b-4e83-419c-84ee-31289740dde9,Palmeira das Missões - RS,Coordenação de Equipe,24/10/2023
03529be2-6468-4336-9248-cfe422317088,Afuá - PA,Coordenação de Equipe,22/4/2024
708a9139-68c7-47f5-acf3-a44aa3810410,Mazagão - AP,Coordenação de Equipe,5/6/2023
fdda2cd2-09a1-41a9-a3b7-79a753224050,Dois Vizinhos - PR,Coordenação de Equipe,5/6/2023
8d710a94-d541-4d27-9ccb-359a6faae27d,Jandaíra - BA,Coordenação de Equipe,30/6/2023
e5e4ee1a-5187-4f76-b98e-490de8f136c8,Lagoa do Ouro - PE,Coordenação de Equipe,7/3/2024
3b302ac2-3189-4b9b-8a8f-105d5350f391,Palestina do Pará - PA,Coordenação de Equipe,21/2/2024
3a58c139-6567-44eb-9384-88711a2712dd,Tarrafas - CE,Coordenação de Equipe,4/4/2023
d641a4ac-8d14-481b-9b11-1f64316febb4,Palmeira das Missões - RS,Coordenação de Equipe,24/10/2023
e2af71ee-83a1-48bf-a62e-d4463ce04ebf,Belém do Brejo do Cruz - PB,Coordenação APS,21/11/2023
96542372-8c61-45f3-bdb0-0d11c51a0888,Rodrigues Alves - AC,Coordenação APS,8/12/2023
959374fb-1c70-4937-b412-2be3bda5a85e,Altamira do Maranhão - MA,Coordenação de Equipe,21/2/2024
484d1533-593e-42b5-8e7a-d78725712356,Itabira - MG,Coordenação APS,7/7/2023
20ea9d19-d132-4bc2-baed-4a68aaaa3353,Juquitiba - SP,Coordenação de Equipe,8/11/2022
04c92611-088a-45b4-bf38-6e84cec9aa61,Itabira - MG,Coordenação de Equipe,7/7/2023
928c52b5-a97e-491f-8a3f-6eac2fd5cd9c,Juquitiba - SP,Coordenação de Equipe,18/9/2023
d106d9e7-c3c3-4f1c-90d1-12023a1897d5,Amparo - SP,Coordenação de Equipe,24/4/2023
e8f4d522-61a8-40db-b3b1-b69b163047d8,Viana - MA,Coordenação de Equipe,16/3/2023
17edb976-6159-4b45-8307-b915d024327b,Inhambupe - BA,Coordenação de Equipe,14/8/2023
bfca3342-3f8b-4584-bfa3-a30e6db3fea9,Santo Antônio do Descoberto - GO,Coordenação de Equipe,4/4/2024
19e4c45a-253a-4921-9069-ef58418c1575,Betânia - PE,Coordenação de Equipe,14/8/2023
bf699938-a189-4a08-b6a4-707d44f2ef93,Tamandaré - PE,Coordenação de Equipe,22/11/2022
e2724ea5-db1c-4516-967c-3b9ea0d3e03b,Três Marias - MG,Coordenação de Equipe,18/8/2023
1ef0e8d6-7846-440f-b883-e6910c17260a,Campos Novos - SC,Coordenação de Equipe,23/11/2023
fe6b7de2-907a-4f8c-9e47-2de761f4bc9a,Inhambupe - BA,Coordenação de Equipe,14/8/2023
c97c2c94-af23-4638-b7b8-40fa41589e97,São Roque - SP,Coordenação de Equipe,6/3/2023
7c13db37-f470-452d-95d5-26f1c7e23185,Inhambupe - BA,Coordenação de Equipe,14/8/2023
6da34f7d-d489-4236-a9b6-821dff6cbded,São Roque - SP,Coordenação de Equipe,6/3/2023
f5c9f335-6e3c-4e48-b9aa-606c40de71bd,Nova Olinda do Maranhão - MA,Coordenação APS,8/12/2022
f6fb7957-3122-46ac-82d0-3a1eeccf6618,Rodrigues Alves - AC,Coordenação de Equipe,8/12/2023
69bfd421-dfd6-4c11-bcf8-b2897c043227,Inhambupe - BA,Coordenação de Equipe,14/8/2023
19801840-78ea-43a4-9f3e-d93ffaee9b97,Vitorino Freire - MA,Coordenação de Equipe,24/10/2023
d0bc4c7b-6fc8-41de-b4c6-eae93db066f3,Itabira - MG,Coordenação de Equipe,7/7/2023
56edc3b3-f645-4319-bc65-7c2da12e2f64,Lagoa do Ouro - PE,Coordenação de Equipe,7/3/2024
9bca96ea-015f-419d-8fda-e3a73b450ad2,Alagoinha - PE,Coordenação APS,7/12/2022
17753512-5159-4bcc-a51c-31f7f0576413,Marechal Thaumaturgo - AC,Coordenação de Equipe,24/10/2023
26c6e070-ce8b-4e5c-b484-7bb7a481b822,Inhambupe - BA,Coordenação de Equipe,14/8/2023
ebbbf37d-502b-4ab3-8e1d-2c855b012a7b,Santo Antônio do Descoberto - GO,Coordenação de Equipe,16/3/2023
03342dda-5344-48ce-bd78-6491c65589cb,Baraúna - RN,Coordenação de Equipe,16/3/2023
4463eb4e-38a8-4e77-92ad-c231780becff,Minaçu - GO,Coordenação APS,10/11/2022
30c719b4-3b58-40a3-bc72-46a5068c8082,Três Marias - MG,Coordenação de Equipe,10/11/2022
a043dd65-da32-42e5-95dd-7647fcaa1e71,Bonfim - RR,Coordenação de Equipe,22/2/2024
9f59162d-d715-442e-82f1-a3524b3ca041,Formosa do Rio Preto - BA,Coordenação de Equipe,17/8/2023
ce7325dc-587d-44c9-9950-a772a6c7cdca,Belém do Brejo do Cruz - PB,Coordenação APS,21/11/2023
8d7cad9b-f380-4f3c-be67-3173dd21dbf0,Balneário Piçarras - SC,Coordenação APS,27/9/2023
bedc5458-bdde-459a-bff9-259ef0ac4ad6,Amparo - SP,Coordenação APS,1/8/2023
fa84fb36-7242-4298-95f3-5b9e1f49d6c9,Três Marias - MG,Coordenação de Equipe,10/11/2022
c50064a0-4b9a-448f-b329-4dee1fb87cfc,Inhambupe - BA,Coordenação de Equipe,14/8/2023
a642834e-dc03-474b-bef8-78d16a8a1fbb,Viana - MA,Coordenação de Equipe,16/3/2023
c7a54f05-c293-47a2-a448-c7e8b4639de4,Inhambupe - BA,Coordenação de Equipe,14/8/2023
c8b85696-8f5d-40c7-ab14-7ef88f7a7e9a,Francisco Badaró - MG,Coordenação de Equipe,7/3/2024
5f893de0-c61e-417a-8334-a9571b6b84a1,Sigefredo Pacheco - PI,Coordenação de Equipe,19/3/2024
0ba4c0e6-4e0b-41b4-bd08-0524f7ece3de,Paes Landim - PI,Coordenação APS,9/5/2023
013e6d7a-4b86-47a3-972e-4c046dc4903b,Palmeira das Missões - RS,Coordenação de Equipe,24/10/2023
4655c8c3-cf57-49a0-a490-94c4bb5c38d1,Minas Novas - MG,Coordenação de Equipe,14/3/2024
cdb2f452-9495-42cb-8249-dead6fa427f4,Alagoinha - PE,Coordenação de Equipe,7/12/2022
c18ff785-355d-44f6-bc53-77d1fa0f8159,Guapó - GO,Coordenação APS,10/11/2022
a7a56bf3-f4db-421a-baee-4f5b2af78319,Amargosa - BA,Coordenação APS,13/6/2024
194a536f-c2d2-4abf-ae6b-e038df047b02,Baraúna - RN,Coordenação de Equipe,16/3/2023
803ae403-5f91-4d00-8967-264009c8d6ab,Nova Olinda do Maranhão - MA,Coordenação de Equipe,8/12/2022
8f7dc6d9-e879-44e9-9e5e-11d8e0e5812f,Itabira - MG,Coordenação de Equipe,7/7/2023
7a9ea2e6-6e0d-47fd-b9b6-646b152e6b77,Paulo Ramos - MA,Coordenação de Equipe,25/3/2024
4825f2b3-d915-402c-b9f2-9819118255d0,Balneário Piçarras - SC,Coordenação APS,18/8/2023
1590f500-4435-47d4-ba2c-d30df7883933,Pacoti - CE,Coordenação de Equipe,21/2/2024
0ee8d6af-3e34-4a77-89f7-9cd310760719,Inhambupe - BA,Coordenação de Equipe,14/8/2023
fca94ed0-9019-4a2d-b52c-befe3493e8d0,Minas Novas - MG,Coordenação de Equipe,14/3/2024
0cef5c5a-d7a2-4407-9f0f-12fcace724a0,Juquitiba - SP,Coordenação de Equipe,8/11/2022
b3322e03-f184-405c-8a92-2eb027882ab2,Jacobina - BA,Coordenação de Equipe,11/7/2023
e40ce44f-14b8-470b-abfd-2212632ded3b,Dois Vizinhos - PR,Coordenação APS,5/6/2023
ba6ac5a5-3c80-48ae-a198-07425cb319d2,Jucuruçu - BA,Coordenação de Equipe,24/10/2023
f9f10c1e-51e0-466d-aad8-d89c70ab889a,Amargosa - BA,Coordenação de Equipe,13/6/2024
73b35c63-9938-449d-b53a-9a18d29f5ef7,Cristino Castro - PI,Coordenação de Equipe,9/5/2023
7b4badbb-dff5-49ea-9305-3ebd09a10604,Brasiléia - AC,Coordenação de Equipe,28/11/2023
8dca5ada-087d-4c0c-87d3-4293b9a30f5c,José Gonçalves de Minas - MG,Coordenação de Equipe,20/12/2022
73c829a1-4b32-4030-9b6f-977fb47743f0,Minas Novas - MG,Coordenação de Equipe,14/3/2024
a73c87aa-6bf9-4fea-ba1d-3be692ef2472,Paulo Ramos - MA,Coordenação APS,5/4/2024
1d38ed4d-4dc0-4915-9a69-a9e3d74a2329,Itabira - MG,Coordenação de Equipe,7/7/2023
43184274-ba27-46ed-a0a4-af96dcc34575,Amargosa - BA,Coordenação de Equipe,13/6/2024
566c0ff9-cdaf-4782-92d4-007165659f59,Jucuruçu - BA,Coordenação de Equipe,24/10/2023
14b78636-e3c1-41b3-b788-041a33314af7,Campos Novos - SC,Coordenação de Equipe,14/11/2023
4d73adf4-336c-491c-ac5e-d67f226da66a,Jacobina - BA,Coordenação de Equipe,11/7/2023
c84b7864-06ad-42bc-bdce-b6090042e0d9,Oiapoque - AP,Coordenação de Equipe,16/3/2023
8b839799-8478-4077-aec0-3fa02cf75dee,Rodrigues Alves - AC,Coordenação de Equipe,2/4/2024
8c379989-bdc0-405f-afe2-bfc993502874,Altamira do Maranhão - MA,Coordenação de Equipe,21/2/2024
334b2fbd-d72b-46f5-8e71-0e1ec553025f,Campos Novos - SC,Coordenação de Equipe,14/11/2023
e8f0215e-8105-4c1e-91e4-8c4e69748597,Santanópolis - BA,Coordenação de Equipe,21/2/2024
8b3ae5c8-8a6b-4b17-9583-a41ee04881f9,Santo Antônio do Descoberto - GO,Coordenação de Equipe,16/3/2023
4aa2226f-d498-4495-9c0e-0032a72dba81,Monsenhor Tabosa - CE,Coordenação de Equipe,21/2/2024
b318b155-32e7-43f4-87b4-247954a45ce0,Rio Piracicaba - MG,Coordenação APS,10/11/2022
0bea7ffe-a9d0-4ebd-a607-5d08f30482dd,Afuá - PA,Coordenação de Equipe,30/4/2024
618f0de3-fef6-46ce-a9a8-5f875885f772,Marajá do Sena - MA,Coordenação APS,1/9/2023
50d53a6a-b38b-4f8f-a2c9-03d5dae9917c,Minas Novas - MG,Coordenação de Equipe,18/3/2024
dc427854-4d20-46b0-8b10-84114f0a5cb5,Paulo Ramos - MA,Coordenação de Equipe,25/3/2024
65a6a9f0-509d-4188-a9ab-c450044604a5,Lago Verde - MA,Coordenação de Equipe,16/11/2023
6acae201-3f06-4ab3-9fd5-dc983662df79,Santo Antônio do Descoberto - GO,Coordenação APS,4/4/2024
f0d9a64e-20bb-4efd-a38a-db93810fc3a8,São Roque - SP,Coordenação de Equipe,10/5/2023
851ffe4b-32d7-4248-b245-2143b1757bff,Marajá do Sena - MA,Coordenação APS,1/9/2023
8331f6d3-d4de-4132-9421-c72d39c809b3,Betânia - PE,Coordenação de Equipe,14/8/2023
ff217f06-a074-411d-b969-8d8693ca3c82,Brasiléia - AC,Coordenação APS,28/11/2023
d00f1de2-0bd3-42f0-8cd2-c0b132edfee3,Formosa do Rio Preto - BA,Coordenação de Equipe,17/8/2023
9de4d2a4-9b1d-42fb-ae7a-97b2c77db3da,Três Marias - MG,Coordenação de Equipe,10/11/2022
b80bf344-677c-4496-9342-0652a0aae166,Fartura do Piauí - PI,Coordenação de Equipe,19/3/2024
1b8abdcd-2004-45ba-bbbe-000e8d07f8dd,Coluna - MG,Coordenação APS,25/3/2024
0d4700f6-64e5-4365-803b-13364cf17e26,Jucuruçu - BA,Coordenação de Equipe,24/10/2023
a51710c2-0aa2-4e6f-babb-cc67319da274,Juquitiba - SP,Coordenação de Equipe,8/11/2022
3332c244-2b6b-4ae1-86fc-f60af06d6c9a,Carmo do Rio Claro - MG,Coordenação de Equipe,6/12/2023
7e394871-7453-47c2-9e15-26b9b2662ceb,Afuá - PA,Coordenação APS,4/4/2023
14c4b990-1a8b-4bb1-985c-f2bf66586f03,Campos Novos - SC,Coordenação de Equipe,14/11/2023
1c6b1db8-491d-431b-a20c-240d9911405b,Guapó - GO,Coordenação de Equipe,18/4/2024
8c7f507b-95d6-448d-99f5-61067487e5cd,Rodrigues Alves - AC,Coordenação de Equipe,8/12/2023
8ccf4e61-7520-468c-8cfc-6dcc36dcc97d,Itabira - MG,Coordenação de Equipe,7/7/2023
95b2a451-6601-4057-8baa-31de577dd4e4,Viana - MA,Coordenação APS,16/3/2023
3dad9cc7-0294-41da-957e-a9d260864a8b,Guapó - GO,Coordenação de Equipe,18/4/2024
e236ca92-7a08-4798-a116-e02ee4409cfe,Alagoinha - PE,Coordenação de Equipe,7/12/2022
64937a25-bc06-418c-83d7-934635e65b77,Alvinópolis - MG,Coordenação APS,6/3/2023
05c3952d-8664-4831-a953-c25d6ae322e2,Formosa do Rio Preto - BA,Coordenação de Equipe,17/8/2023
9f25e7a6-b456-47c9-8a29-c7d02712095c,Itabira - MG,Coordenação de Equipe,7/7/2023
b0b3617e-164d-412b-a688-b17d06e1f470,Vitorino Freire - MA,Coordenação de Equipe,24/10/2023
ac93993b-5184-4c46-8683-f123ad07ba4f,Carmo do Rio Claro - MG,Coordenação de Equipe,18/4/2024
ac173eb4-6bdc-4a11-aecb-720ba9ba4180,Jandaíra - BA,Coordenação de Equipe,30/6/2023
3aba0113-cee3-4e42-aac9-9f834f2c0451,Betânia - PE,Coordenação de Equipe,14/8/2023
ae0ef3b0-4cf4-49ba-93d5-20ee79e3a66c,Amargosa - BA,Coordenação de Equipe,13/6/2024
61fb6bb5-cc5a-4cee-a9e7-9f6140c22af4,Baraúna - RN,Coordenação de Equipe,13/3/2024
a16d6657-444e-457e-ad1c-532a666a3c4c,Amargosa - BA,Coordenação de Equipe,13/6/2024
269a5879-68d8-495b-9499-ead6c7809af5,Viana - MA,Coordenação de Equipe,16/3/2023
da3559a5-fe0e-4efc-a8b7-0564c1e65b6b,Belém do Brejo do Cruz - PB,Coordenação de Equipe,21/11/2023
42de4237-81ab-456e-8b09-14183a92fe8a,Itabira - MG,Coordenação de Equipe,7/7/2023
e4f6e6ca-218a-46af-96ee-0d093f5b48ef,Cristino Castro - PI,Coordenação APS,9/5/2023
6bfdc552-377d-442f-aa47-d798758d1966,Carmo do Rio Claro - MG,Coordenação de Equipe,8/2/2023
c327267e-372c-4d80-87b2-8b98328dc9f9,Betânia - PE,Coordenação APS,23/8/2023
21bda643-cc44-4d8c-a5fb-b763c2cd7ecb,Loreto - MA,Coordenação de Equipe,13/6/2024
1187aa89-ceb9-4847-997f-746a2992fe00,São Roque - SP,Coordenação de Equipe,6/3/2023
3b4a109e-5c70-4bc7-a935-3b413e59b39d,São Roque - SP,Coordenação de Equipe,6/3/2023
bbc69396-23de-4732-bd39-0f3d41f3cf48,Palmeira das Missões - RS,Coordenação APS,24/10/2023
c56b4dbd-ee11-4b5c-928f-f2ca24d46013,Santanópolis - BA,Coordenação APS,21/2/2024
78db1cba-e122-4dbc-9292-de4df0eb2f17,Tamandaré - PE,Coordenação de Equipe,22/11/2022
71be2ed9-9560-4211-8d5e-5c81313f0a4f,Monsenhor Tabosa - CE,Coordenação de Equipe,21/2/2024
5ff037bf-6bf9-4a48-b6cc-6c904e89f3cd,Altamira do Maranhão - MA,Coordenação APS,21/2/2024
5ad6e336-58f5-4fd1-aaf1-d1cd8b59d238,Minas Novas - MG,Coordenação de Equipe,14/3/2024
1e584fcb-b104-4a02-bd05-dac8ce33fefe,Amargosa - BA,Coordenação de Equipe,13/6/2024
ebb40ae2-803d-48c9-9b88-87337e842613,São Roque - SP,Coordenação APS,6/3/2023
cb414428-003c-4ce4-b7ef-50a884101255,Mazagão - AP,Coordenação de Equipe,5/6/2023
d761cae2-0764-4c96-a6ab-c7669036e969,Chaves - PA,Coordenação de Equipe,30/11/2023
c3fe2a7d-863b-423d-964c-47638fa81581,Brejo de Areia - MA,Coordenação APS,17/2/2023
c2116af8-3977-4799-bb2d-1ba27579d0aa,Lago Verde - MA,Coordenação de Equipe,16/11/2023
0bc3d68a-1c52-49fd-ae01-9a38c19ef2d7,Baraúna - RN,Coordenação de Equipe,16/3/2023
cd1b606b-6532-44fa-8145-df8078402626,Marechal Thaumaturgo - AC,Coordenação de Equipe,11/1/2024
f7a68ad1-baf9-4555-b4e8-ee982a62c92c,Três Marias - MG,Coordenação de Equipe,10/11/2022
1d1d4da4-3acd-46a7-994b-20c1bac0baf9,Inhambupe - BA,Coordenação de Equipe,14/8/2023
dbf8c1ea-6d00-46e0-9ba2-b4fbc03cbaf1,Lagoa do Ouro - PE,Coordenação APS,7/3/2024
a7f5d7b7-86c8-4d4b-a5e8-12f03bce3549,Juquitiba - SP,Coordenação de Equipe,6/6/2023
5a398d70-532f-4dde-87a2-7b68ce0df05a,Goiabeira - MG,Coordenação de Equipe,20/7/2023
09f6c9ec-1520-4156-a14c-327bab1736f3,Santo Antônio do Descoberto - GO,Coordenação de Equipe,16/3/2023
79bd1476-b8e9-4613-92dd-3daf4d991973,Tamandaré - PE,Coordenação de Equipe,22/11/2022
6015dc5a-7987-4cdd-90b4-de711fb9c89d,Lago Verde - MA,Coordenação de Equipe,16/11/2023
974af243-ad6a-4fec-85a7-67035bfa72d0,Palmeira das Missões - RS,Coordenação de Equipe,24/10/2023
8e01c75b-5a43-4a73-8bfb-f8dd65f623f0,Oiapoque - AP,Coordenação de Equipe,16/3/2023
6610a508-ad5d-49e9-8a87-b7cac3a80cff,Campos Novos - SC,Coordenação de Equipe,14/11/2023
65becb8d-6100-4f1f-b485-5316d9a2c3ee,Campo Grande - RN,Coordenação APS,21/2/2024
4322ba49-a445-42eb-bad6-47f0c709f878,Coronel Murta - MG,Coordenação de Equipe,7/3/2024
813a9c41-816f-4dbb-b116-0ac66391faba,Santo Antônio do Descoberto - GO,Coordenação de Equipe,16/3/2023
430d045a-24ee-4e62-8af2-617d947bf15a,Formosa do Rio Preto - BA,Coordenação de Equipe,17/8/2023
20db79f6-dd36-4630-afb0-7933f77c6f22,Itabira - MG,Coordenação de Equipe,7/7/2023
ec7ab16f-f481-4846-8bf6-f9d418dae5b8,Palmeira das Missões - RS,Coordenação APS,13/11/2023
1e1f8395-5e72-4822-b598-747b41743f7d,Guapó - GO,Coordenação de Equipe,10/11/2022
2769c1af-ebd1-4993-9e64-0e9e2c734ed6,Campos Novos - SC,Coordenação de Equipe,14/11/2023
b2f03b01-5bdf-42bd-9981-683b1e8a3c34,Campos Novos - SC,Coordenação de Equipe,13/3/2024
b362951c-8cb1-4f36-82e4-88427c5c5ad4,Palmeira das Missões - RS,Coordenação de Equipe,24/10/2023
ca8d116b-1f41-40de-9c02-6e94fb977ac5,Paulo Ramos - MA,Coordenação de Equipe,25/3/2024
e556e5b6-c410-4d38-ac56-db662fc011e3,Marechal Thaumaturgo - AC,Coordenação de Equipe,13/11/2023
f6effb5e-a514-407f-8c3a-1749b2a726cb,Carmo do Rio Claro - MG,Coordenação APS,12/4/2023
cb58836c-062a-45fe-af65-fd69b272979e,Minaçu - GO,Coordenação de Equipe,10/11/2022
568f8ab3-25d4-4e30-ac90-ca526486a485,Paes Landim - PI,Coordenação APS,9/5/2023
38493bdc-ff76-43d4-bea5-6a595eaffcc8,Brejo de Areia - MA,Coordenação de Equipe,17/2/2023
8cd3dcc4-aed4-4c1c-82f7-e077ec850a49,Minas Novas - MG,Coordenação de Equipe,14/5/2024
83bcbc7c-bc79-4ea3-897a-ca3a0380481b,Monsenhor Tabosa - CE,Coordenação APS,21/2/2024
2531d655-c636-4b45-b05d-d289581965e1,Três Marias - MG,Coordenação de Equipe,10/11/2022
ee55493c-cb65-4f1e-9dac-5991410ae00c,Itabira - MG,Coordenação de Equipe,10/7/2023
4c13e6b1-2b8d-43c7-9c83-21da8f39715d,Itabira - MG,Coordenação de Equipe,11/7/2023
25d25ba4-c3de-48f2-b16f-4cf2b292fc08,Mazagão - AP,Coordenação de Equipe,5/6/2023
2ec11249-2dcc-4cb7-aeb1-b8cac027b3de,Palmeira das Missões - RS,Coordenação de Equipe,24/10/2023
4a044219-afd8-4c72-8d1f-417e78905259,Tarrafas - CE,Coordenação de Equipe,4/4/2023
5409159c-39b8-4480-90dc-222ce0d25c24,Jacobina - BA,Coordenação de Equipe,4/4/2023
04351d55-3c6c-4519-8d8c-8c8e05de8262,Fartura do Piauí - PI,Coordenação de Equipe,4/4/2023
42aad67c-c433-4ea8-9d46-049031844dab,Jucuruçu - BA,Coordenação de Equipe,9/4/2024
56a7b591-f524-47d4-9092-8a1df27396c2,Minas Novas - MG,Coordenação de Equipe,14/3/2024
7d45fecd-4241-4764-8757-806598ab8f09,Carmo do Rio Claro - MG,Coordenação APS,8/2/2023
5418e0ec-5ebb-476f-8a91-be67cb4969c7,Vitorino Freire - MA,Coordenação de Equipe,24/10/2023
4c6ac52e-2f7d-4c03-bed8-7a6abb204137,Carmo do Rio Claro - MG,Coordenação de Equipe,9/3/2023
30f539e0-2823-4eaf-9a27-d07426502f7a,Dois Vizinhos - PR,Coordenação de Equipe,5/6/2023
a01df498-935d-4384-b4d7-79ef448ef3cd,Chaves - PA,Coordenação de Equipe,30/11/2023
bd91cd4c-b0cf-4a93-87e8-fccc0dd345a5,Minas Novas - MG,Coordenação de Equipe,14/3/2024
23806f07-5008-4544-8b0e-4489f64d629f,Alvinópolis - MG,Coordenação de Equipe,23/10/2023
d9698f36-98a4-4cb9-8b23-ffb427aac09a,Tamandaré - PE,Coordenação de Equipe,22/11/2022
157fed5a-21e2-4e6e-996a-fc2f73470c41,Juquitiba - SP,Coordenação APS,8/11/2022
fd4199c0-908b-40d7-b4cc-71fa7757151b,Baraúna - RN,Coordenação de Equipe,16/3/2023
0447db4b-117d-4cde-a015-df8344d0ab59,Baraúna - RN,Coordenação de Equipe,16/3/2023
49004408-a06a-4dd9-8495-39a9b7c1e41d,Amparo - SP,Coordenação de Equipe,1/8/2023
f1b0c117-a3c3-47bd-afd0-563f4bf30a7d,Baraúna - RN,Coordenação de Equipe,16/3/2023
672b54c3-0cad-4ffe-b39f-5ba254b6b5b1,Coluna - MG,Coordenação de Equipe,25/3/2024
7a917249-746a-4c4c-8d4f-c8b3aa2239fd,Inhambupe - BA,Coordenação de Equipe,14/8/2023
482c8298-6022-45d3-bcda-6a9f0293e69c,Minaçu - GO,Coordenação de Equipe,10/11/2022
4dd241ba-7b33-4d00-9fe2-1e12f53c3787,Bonfim - RR,Coordenação de Equipe,4/4/2023
6987a127-af48-4e96-9d85-8e2ff8ffe6eb,Silvianópolis - MG,Coordenação APS,13/6/2024
66bf1b47-f05e-47a2-ae49-25cb60c87642,Formosa do Rio Preto - BA,Coordenação de Equipe,17/8/2023
cfe1b4a6-2878-4782-b892-19200373ef1e,Alvorada de Minas - MG,Coordenação de Equipe,7/3/2024
d93fb01d-2995-48dd-91f9-5d449b18314f,Chaves - PA,Coordenação de Equipe,30/11/2023
7da4250a-920f-495d-a2b9-7a1be1461afa,Minaçu - GO,Coordenação de Equipe,10/11/2022
f82dccb9-8e75-48a5-9985-27cf06084c42,Paulo Ramos - MA,Coordenação APS,25/3/2024
92242029-cc17-44aa-8a0c-b318c5952deb,Carmo do Rio Claro - MG,Coordenação APS,8/2/2023
c897d2ed-737a-410d-ade7-4423444d9b1e,Itabira - MG,Coordenação de Equipe,7/7/2023
a2bdafc7-1063-4224-a88b-1bada09df58f,Amargosa - BA,Coordenação APS,13/6/2024
806025f0-68e2-44e3-b26c-1c4206ba296d,Campos Novos - SC,Coordenação APS,14/11/2023
ad15c6e2-5d7d-4908-a6b2-d7a181c57b79,Alvinópolis - MG,Coordenação de Equipe,6/3/2023
c8003d78-b87b-43e6-a1a8-facf964bd6a3,Vitorino Freire - MA,Coordenação APS,24/10/2023
51c1d641-10a0-4268-ba73-05a94a4502a9,Viana - MA,Coordenação de Equipe,16/3/2023
5992e4a5-ec88-4ebb-ae5c-99ad3c983841,Vitorino Freire - MA,Coordenação de Equipe,24/10/2023
02e03c89-8ada-4348-9b77-678633bd66d8,Salvaterra - PA,Coordenação de Equipe,17/8/2023
7d6e6123-7d22-428f-8ec1-4d54d78a48b7,Paulo Ramos - MA,Coordenação de Equipe,25/3/2024
8d3cf1a4-60d5-4c35-9e97-db9928f00601,Jacobina - BA,Coordenação de Equipe,4/4/2023
51628968-c3ba-454a-b9f9-3b01c89eefc5,Itabira - MG,Coordenação de Equipe,7/7/2023
acf1f785-7062-4d72-a953-da8ca3fb431f,Brasiléia - AC,Coordenação de Equipe,28/11/2023
99952552-b5f3-475b-a1ec-0c3a01fceecc,Santo Antônio do Descoberto - GO,Coordenação APS,16/3/2023
e2b3473f-6889-46bf-93ca-21886ce8f987,Nova Olinda do Maranhão - MA,Coordenação APS,22/5/2023
095bdcda-ef68-4f04-b0ba-3a24487b7133,Vitorino Freire - MA,Coordenação de Equipe,24/10/2023
a73e4760-ac8f-43b0-b9a1-4a167e4ce8bd,Jacobina - BA,Coordenação de Equipe,24/1/2024
d6664348-f946-4211-9912-04f103db79ae,Afuá - PA,Coordenação de Equipe,4/4/2023
e27189a0-15ba-4351-8f7f-d73b6636c735,Afuá - PA,Coordenação APS,6/6/2023
701decd7-dc46-4fd1-819d-8fe49a10cd92,Lago Verde - MA,Coordenação de Equipe,16/11/2023
716a3259-1e3a-4c43-b5b1-91142f95b8f2,Paes Landim - PI,Coordenação APS,9/5/2023
b2ede799-011c-402a-a32c-deda437ceefa,Coronel Murta - MG,Coordenação APS,7/3/2024
db1c1199-9165-46f6-bd7d-8a8ddc879f99,Baraúna - RN,Coordenação de Equipe,16/3/2023
a049ca67-8e06-42de-a608-a34b98f9fdb1,Francisco Badaró - MG,Coordenação de Equipe,7/3/2024
dc44270b-3920-4860-945c-109028263159,Itabira - MG,Coordenação de Equipe,7/7/2023
113426df-0a47-4b62-8e8c-a81130fec5ca,Dois Vizinhos - PR,Coordenação de Equipe,5/6/2023
9774a942-9278-43ac-8060-4d1dcd79d802,Vitorino Freire - MA,Coordenação de Equipe,23/4/2024
c472b9bb-1e6a-49a3-b1fc-86282511c6a0,Brasiléia - AC,Coordenação de Equipe,28/11/2023
bf7b39e9-cb6b-4b28-b76e-7895caeceb2b,Guapó - GO,Coordenação de Equipe,10/11/2022
496fe98f-0b65-437c-a37d-3182993facd4,Loreto - MA,Coordenação de Equipe,24/6/2024
2632a16c-f0fe-4f66-9728-ce69c970b6a8,Rodrigues Alves - AC,Coordenação de Equipe,8/12/2023
c3e8e452-958e-4591-aa3f-84171ffaad2f,Coluna - MG,Coordenação APS,25/3/2024
239d365a-d240-4904-9c8b-1dea99310aed,Jacobina - BA,Coordenação de Equipe,19/7/2023
a49709cf-adb4-4fa8-9b50-36204960708a,Viana - MA,Coordenação de Equipe,16/3/2023
88e03d78-3094-48a2-aac9-36e1264f090a,Vitorino Freire - MA,Coordenação de Equipe,24/10/2023
441a7af4-ee8b-4fb5-88f5-a5f7b6c93e61,Brejo de Areia - MA,Coordenação de Equipe,17/2/2023
a5ef4a05-0fd8-4106-92af-31b804033f0b,Palestina do Pará - PA,Coordenação de Equipe,21/2/2024
f699fc7b-2248-40dc-8eba-d1c2605c0ee1,Rodrigues Alves - AC,Coordenação de Equipe,1/4/2024
a6aeefaa-7450-4cdb-b92c-8666004aaed4,Itabira - MG,Coordenação de Equipe,7/7/2023
cfb1af5b-f7c6-4eb6-a0e4-8175d8b58958,São José do Herval - RS,Coordenação APS,5/6/2023
512988af-de07-4bf1-88f6-aadb76abe3b2,Amargosa - BA,Coordenação de Equipe,13/6/2024
0774fded-97f5-4022-b8b5-ed8847da39c0,Viana - MA,Coordenação APS,16/5/2023
871eba3d-3680-4346-9025-52232e2f128e,Itabira - MG,Coordenação APS,11/7/2023
a6da5b0d-6ed5-4429-9bce-79e72a2d92cc,Palmeira do Piauí - PI,Coordenação de Equipe,1/2/2024
485b4d6c-c9bb-4cd1-8c65-1df59c3d811b,Marajá do Sena - MA,Coordenação de Equipe,1/9/2023
b7339b06-5f1a-4069-8c32-222290cc49ff,Paulo Ramos - MA,Coordenação de Equipe,25/3/2024
8199c1b5-85b8-4b87-a236-9a07ef6cdebb,Bonfim - RR,Coordenação APS,4/4/2023
529eebc5-8d02-44e6-8425-d8587f4abe30,Formosa do Rio Preto - BA,Coordenação de Equipe,17/8/2023
f1cac9aa-27da-46b8-9a54-5ef0d36649ed,Alvinópolis - MG,Coordenação de Equipe,23/10/2023
678a1610-9e85-439f-88e0-697c8959f105,Silvianópolis - MG,Coordenação de Equipe,13/6/2024
a674fc5e-d08a-4dc1-8930-f630ba6739df,Carmo do Rio Claro - MG,Coordenação de Equipe,8/2/2023
e6b38a76-e9fb-49a2-813e-20f3e73cf14d,Cristino Castro - PI,Coordenação de Equipe,9/5/2023
fc470d6e-e140-4bba-8c48-807d9a357e48,Balneário Piçarras - SC,Coordenação de Equipe,29/8/2023
2d169038-ce89-40e4-8324-a9b8a6042d92,Alvinópolis - MG,Coordenação de Equipe,6/3/2023
eb3d72cd-434f-47ce-94d4-3767c5ca7954,Alvinópolis - MG,Coordenação de Equipe,23/10/2023
d4121122-a34f-41e4-bd3d-0403dd305c2e,Santo Antônio do Descoberto - GO,Coordenação de Equipe,16/3/2023
29649f48-1965-4875-ad7d-909b1d7439ea,Minas Novas - MG,Coordenação de Equipe,10/4/2024
02dc65f3-341b-454c-a5be-34ffc3d39e3f,Viana - MA,Coordenação de Equipe,16/3/2023
d813c976-8939-450c-aa9e-e89cfb317f99,Bonfim - RR,Coordenação de Equipe,4/4/2023
49db7a22-121c-4b40-a66d-a5f48aeab896,Santa Luz - PI,Coordenação de Equipe,25/5/2023
24476e82-fd18-4ef8-b691-6aee9c25e347,Dois Vizinhos - PR,Coordenação de Equipe,23/4/2024
4e35d5d3-2cf3-42c8-a9c1-23712e2bcc02,Altamira do Maranhão - MA,Coordenação de Equipe,21/2/2024
bea210a5-925b-47ed-ae71-38cfa6e74467,Marajá do Sena - MA,Coordenação de Equipe,1/9/2023
2614a4a4-7652-45c6-9a37-d7e90bbed7a2,Baraúna - RN,Coordenação de Equipe,16/3/2023
f4b6502d-4fb7-41d9-8294-3d9d0b434e8b,Jacobina - BA,Coordenação de Equipe,24/1/2024
13853c86-dd98-4a40-97cb-5554ba80d667,Viana - MA,Coordenação de Equipe,16/3/2023
502273f2-dab9-4097-922c-d18eb9e01462,Itabira - MG,Coordenação de Equipe,7/7/2023
0a0b38c4-eeb8-4d3a-83e6-a42c3e0ffef0,Carmo do Rio Claro - MG,Coordenação de Equipe,8/2/2023
b0d96cae-2b8c-4943-b0a1-187763004304,Amargosa - BA,Coordenação de Equipe,13/6/2024
fef05bde-262a-4edf-bc6a-dc0ff74ac59e,Minas Novas - MG,Coordenação de Equipe,18/3/2024
55ac134f-91a8-4d74-ac36-a7f3dd5d1357,Minaçu - GO,Coordenação de Equipe,19/10/2023
58b8e483-710b-4866-98df-100fbd93f05f,São Roque - SP,Coordenação de Equipe,6/3/2023
a395ee89-4b02-42f6-b1e1-9fa4eadc469f,Inhambupe - BA,Coordenação de Equipe,14/8/2023
1bdb9197-20ef-4099-af37-141ac82bfe78,Itabira - MG,Coordenação de Equipe,7/7/2023
33db9ed8-c15f-4451-bf78-ffbedba7beea,Rodrigues Alves - AC,Coordenação de Equipe,30/4/2024
679a095f-4a77-4667-ae9b-2f15a54f2e66,Aurora - SC,Coordenação APS,10/8/2023
c79ff5a4-63dc-48d6-a81c-58d8c722633c,Minas Novas - MG,Coordenação de Equipe,14/5/2024
9b2e0d45-4fd3-49b5-a396-571f166bc3ef,Vitorino Freire - MA,Coordenação de Equipe,24/10/2023
8efc1161-c53d-4e23-ba67-afd07c940c12,Rio Piracicaba - MG,Coordenação de Equipe,10/11/2022
c8000e25-c693-4525-886e-161dfee3e275,Baraúna - RN,Coordenação de Equipe,20/3/2024
feafe49c-7a19-4ebe-a606-4a7f4ce0e8ed,Mazagão - AP,Coordenação de Equipe,20/6/2023
c6446ebb-6cb4-43ec-bbfe-076b2ae688ab,Betânia - PE,Coordenação APS,14/8/2023
447a6e7a-296f-4191-87d8-905aa4a36336,Santo Antônio do Descoberto - GO,Coordenação de Equipe,16/3/2023
a89463f1-8479-4078-ae99-73a0a38f87dc,Viana - MA,Coordenação de Equipe,16/3/2023
3dcbf8ca-67e3-429e-b529-b5812633b89c,Santo Antônio do Descoberto - GO,Coordenação de Equipe,16/3/2023
3d47992e-201f-4a50-b248-c3621d0d0c96,São Roque - SP,Coordenação de Equipe,6/3/2023
656425bf-3032-45bc-b03b-ffeb6b9b1f46,Viana - MA,Coordenação de Equipe,1/11/2023
f25c664a-b95b-4dbe-8465-69dc0ebd8383,Jacobina - BA,Coordenação de Equipe,24/1/2024
a6f31b2e-4a52-4b26-bad4-698f4b0c5d55,Jaguapitã - PR,Coordenação de Equipe,9/2/2023
69e53a05-7473-40d1-85f3-ad9e4b9f16d0,São Roque - SP,Coordenação de Equipe,18/8/2023
8c92b720-46d3-47ac-8df1-6db074321a1b,Tarrafas - CE,Coordenação de Equipe,26/10/2023
f764a17c-5c67-44bd-90fa-cffcd051ef0f,Francisco Badaró - MG,Coordenação APS,7/3/2024
39e291fa-3394-4e71-9c96-46a7e5bff79c,Rodrigues Alves - AC,Coordenação APS,8/12/2023
89de60fa-c64c-45ce-b40d-798eacde2a81,Nova Olinda do Maranhão - MA,Coordenação de Equipe,8/12/2022
163dfbc3-115b-4fa2-b4cd-b23f160e85be,São Félix de Balsas - MA,Coordenação de Equipe,14/11/2023
81f6990e-7917-4ada-a026-e0218fe773a1,Vitorino Freire - MA,Coordenação de Equipe,24/10/2023
d346ed7e-a2a0-4369-8163-583a61c98a78,Boa Vista - PB,Coordenação de Equipe,3/3/2023
6a3d8e39-7a3c-48e3-9e11-9c5718cb24c4,Carmo do Rio Claro - MG,Coordenação de Equipe,8/2/2023
80d3ec60-ac8a-4640-bcf7-36e6c5b027cc,Rio Piracicaba - MG,Coordenação APS,10/11/2022
79871e17-deb1-4e92-834c-ddb9e24170bd,Jacobina - BA,Coordenação de Equipe,4/4/2023
09a4c630-03da-4173-96f0-6815dbeb3feb,São Roque - SP,Coordenação de Equipe,6/3/2023
c95b247b-5ea3-4cbe-8624-adcf5bf7fa01,Três Marias - MG,Coordenação APS,10/11/2022
0abd3eba-b444-4acf-a7ff-704f22fa37c9,Coronel Murta - MG,Coordenação de Equipe,7/3/2024
136e93ed-a9dd-40a1-8faf-d82822bf5eaf,Carmo do Rio Claro - MG,Coordenação de Equipe,18/4/2024
07c0c978-642a-4989-87e4-5b30c6a96a9f,Paulo Ramos - MA,Coordenação de Equipe,25/3/2024
911b1c52-354f-4fc1-8dcd-9a97fa3a9094,Balneário Piçarras - SC,Coordenação de Equipe,29/8/2023
17b4dd70-bde8-44d2-bb7b-9ef2bbb0f1b1,Pacoti - CE,Coordenação APS,21/2/2024
0ff08271-c34c-4b71-a5c5-32903079afb0,Mazagão - AP,Coordenação de Equipe,21/6/2023
1ce8cbe0-9f26-4472-bcb0-1a4efcfa50bd,Minaçu - GO,Coordenação de Equipe,10/11/2022
8943cee5-9ef4-4efa-b937-8907340f1419,Balneário Piçarras - SC,Coordenação de Equipe,1/9/2023
eb7b3e08-f279-4a72-81b8-81b491f25a56,Palmeira das Missões - RS,Coordenação de Equipe,24/10/2023
30f7d2cb-c0cb-4166-88c0-004942849edb,Oiapoque - AP,Coordenação de Equipe,16/3/2023
372e6c39-39a8-4e46-883d-625037d1a459,Itabira - MG,Coordenação de Equipe,7/7/2023
c963ac58-4e77-4c10-8879-49f5cf0706c7,Alagoinha - PE,Coordenação de Equipe,20/7/2023
bcadff1e-dcd0-4d27-b49d-e704be70f9dc,Viana - MA,Coordenação de Equipe,16/3/2023
37124bba-aee6-4f8d-b85d-4c1a2c782f89,Viana - MA,Coordenação de Equipe,16/3/2023
26eee22c-9b2a-476f-9bfa-7dd282773cdc,Brasiléia - AC,Coordenação APS,28/11/2023
f8cee7e5-5c23-4217-a843-d8a78c3669ee,Alagoinha - PE,Coordenação APS,7/12/2022
b4fef3ff-4b91-4014-9069-2a0b213f5488,Santo Antônio do Descoberto - GO,Coordenação de Equipe,16/3/2023
c0e5ba18-d105-4ea8-97b6-acb1eecd33fb,Formosa do Rio Preto - BA,Coordenação APS,17/8/2023
46686f6f-e62c-49ca-942e-ab734d8da997,Juquitiba - SP,Coordenação de Equipe,8/11/2022
7a458378-7582-44ec-915b-17bc4f8a5e5d,Balneário Piçarras - SC,Coordenação de Equipe,29/8/2023
3d2b5b1b-1d2f-4bfc-9e25-10fd8b7edbeb,Itabira - MG,Coordenação de Equipe,27/11/2023
4e41bd02-1f3b-4bde-82c4-0bf466dfd422,Lago Verde - MA,Coordenação de Equipe,16/11/2023
8bc05f23-b1e5-4b32-a30c-e7bdb7a5b476,Viana - MA,Coordenação de Equipe,16/3/2023
44f5113f-0cd1-4710-ad4f-faee06e328d2,Salvaterra - PA,Coordenação de Equipe,17/8/2023
9a9a8ccf-85db-40c6-a2cd-3f27285ecc39,Jacobina - BA,Coordenação de Equipe,4/4/2023
155a4f60-afb1-4c43-8e4b-64e987b4b48e,Guapó - GO,Coordenação de Equipe,10/11/2022
e5b35929-59be-47f1-8c72-d15a98dfef18,Viana - MA,Coordenação de Equipe,16/3/2023
16f53b8f-d9b4-4a4a-8e6d-1fc0a467e9bb,Marajá do Sena - MA,Coordenação de Equipe,1/9/2023
d5bc29d1-081c-464d-b4df-78f3e2c97809,Vitorino Freire - MA,Coordenação de Equipe,24/10/2023
79b32e7c-4a84-4e9d-be53-e67a5de0638d,São Félix de Balsas - MA,Coordenação APS,14/11/2023
bfc86c5b-148d-4cdc-b89f-b2f3ee72cb84,Tarrafas - CE,Coordenação APS,4/4/2023
d2de1742-887f-4a11-a7c4-36829b9b0dbb,Brejo de Areia - MA,Coordenação de Equipe,17/2/2023
ecb52d84-3a24-4c81-a1f8-11f87e9c664e,Mazagão - AP,Coordenação de Equipe,5/6/2023
cd819dd6-f5e5-4fb0-a590-5f83d00e12a9,São José do Herval - RS,Coordenação de Equipe,5/6/2023
95c39c5e-aafb-4ee5-b295-b2c0e7a49337,Jacobina - BA,Coordenação de Equipe,4/4/2023
d7b4af97-e582-40ff-8d45-dfe7ad9f54ea,Três Marias - MG,Coordenação de Equipe,10/11/2022
883ce98f-c2cc-40f9-ac13-8433d495003f,Palmeira das Missões - RS,Coordenação de Equipe,17/1/2024
7c74aec1-7c29-43c4-a137-d6309f97c615,Mazagão - AP,Coordenação de Equipe,5/6/2023
d0f8f4ad-237b-4f3d-9c68-b0c4af1498ba,Jacobina - BA,Coordenação de Equipe,29/1/2024
0077e9df-39d3-41bc-aa57-3953e894bcf9,Três Marias - MG,Coordenação de Equipe,4/4/2024
f0e83385-8434-44f6-8f20-dcf4791c1066,Tamandaré - PE,Coordenação de Equipe,22/11/2022
861e4753-ed62-48af-adf2-6d532291b52a,Três Marias - MG,Coordenação de Equipe,4/8/2023
81ac1cec-f081-4619-ad82-c029a01afcd4,Mazagão - AP,Coordenação de Equipe,5/6/2023
30f92504-cccd-4b30-ae24-52b23e959a4d,São Roque - SP,Coordenação de Equipe,6/3/2023
54c3d0b0-7d92-4235-9927-d785c100434e,Minas Novas - MG,Coordenação de Equipe,14/3/2024
40f9d7e7-6c75-4a3e-b542-0f987e282959,Formosa do Rio Preto - BA,Coordenação APS,17/8/2023
3ee01286-9d53-4a73-a656-3f6022db9c75,Viana - MA,Coordenação de Equipe,25/5/2023
9ed583f5-d021-471c-8010-de4455228153,Balneário Piçarras - SC,Coordenação de Equipe,1/9/2023
b78a168b-6819-4057-9a0a-3e595fab5fa9,Jacobina - BA,Coordenação de Equipe,4/4/2023
2d096f3c-7a86-4887-87da-5c26db7800ff,Bonfim - RR,Coordenação de Equipe,4/4/2023
767082b5-c953-49c9-bcac-c70686e00c02,Rio Piracicaba - MG,Coordenação de Equipe,4/4/2024
b0285ba1-aab1-4434-a3e1-4ebf9d1c7382,Brasiléia - AC,Coordenação APS,28/11/2023
d057241a-dee2-4f40-a697-4b5d108483c0,Jacobina - BA,Coordenação de Equipe,30/1/2024
0d7ec06d-e96d-4332-91a0-d00e8be4889e,Marajá do Sena - MA,Coordenação de Equipe,1/9/2023
caea216e-327a-43af-9bab-101cf278d481,Carmo do Rio Claro - MG,Coordenação de Equipe,8/2/2023
2d9f6483-df87-4356-ac51-4bb69870f721,Silvianópolis - MG,Coordenação de Equipe,13/6/2024
8331ca47-22e6-46fa-b4b9-24b2572425fe,Viana - MA,Coordenação de Equipe,16/3/2023
f582f5bc-17d8-46ba-a24a-5548d802513c,Santanópolis - BA,Coordenação de Equipe,21/2/2024
91464afd-d5b2-429e-9b8c-56341c8259f3,Jacobina - BA,Coordenação de Equipe,24/1/2024
d13b4d9b-f045-4073-bc82-5acc5db08b20,Campos Novos - SC,Coordenação de Equipe,14/11/2023
7a17458a-d186-464a-ad1a-f4533851ec93,Francisco Badaró - MG,Coordenação de Equipe,7/3/2024
fbeca980-78bc-4e9e-a64b-6c945e0b6bc5,Coluna - MG,Coordenação de Equipe,25/3/2024
eab62932-12c0-4a6e-8bae-b445e04f5583,Nova Olinda do Maranhão - MA,Coordenação de Equipe,8/12/2022
f4257fe0-f20f-4e1c-a62c-14f369ee9171,Itabira - MG,Coordenação de Equipe,7/7/2023
33118ed1-2668-4103-9957-7af9d06186bd,Cristino Castro - PI,Coordenação de Equipe,9/5/2023
af8a17c1-3d1a-40f1-923a-78778d2e2128,Chaves - PA,Coordenação de Equipe,30/11/2023
de352945-74d6-42b1-bc8a-68d37125530a,Brasiléia - AC,Coordenação de Equipe,28/11/2023
4b907b7d-672f-4348-9140-9533f5c41413,Baraúna - RN,Coordenação de Equipe,16/3/2023
53f0cb3b-0eac-4432-a9f3-9ae3291b08bb,Salvaterra - PA,Coordenação de Equipe,17/8/2023
50b6c45e-9773-4f1e-9a24-65b3b9998d44,Rio Piracicaba - MG,Coordenação de Equipe,12/4/2023
45130a54-7fea-4d41-81e6-c99bb6ae8f55,São Roque - SP,Coordenação de Equipe,6/3/2023
27f6580c-f857-41af-9b63-209924535799,Santa Luz - PI,Coordenação APS,25/5/2023
8f46b665-b4cb-4c2d-afb7-d04d8ec9b2a6,Afuá - PA,Coordenação de Equipe,4/4/2023
bf5d24fb-427f-4c46-bb67-fe1ad3083cb4,José Gonçalves de Minas - MG,Coordenação de Equipe,20/12/2022
8e7aa9f8-197f-449d-ac7d-93de7e6df380,Alvorada de Minas - MG,Coordenação APS,7/3/2024
818e5736-d31c-4cc6-9745-5a668b65ab8e,Jaguapitã - PR,Coordenação de Equipe,9/2/2023
c6c7f37d-7bbc-4fd0-9aad-158f38c81903,Santo Antônio do Descoberto - GO,Coordenação de Equipe,16/3/2023
d7f39aab-3cd1-4421-a737-254531fd762a,Tamandaré - PE,Coordenação APS,3/3/2023
efac776c-0e6b-4b5b-9580-d51617f9721d,Viana - MA,Coordenação de Equipe,16/3/2023
97263a83-7e16-43c1-a24d-2f883c5ccb6f,Jacobina - BA,Coordenação de Equipe,24/1/2024
009a2ef8-ee98-4c4d-b53a-6407abc03715,Salvaterra - PA,Coordenação APS,17/8/2023
3bf803e3-2943-46aa-90da-d4a34d74aacc,Campos Novos - SC,Coordenação de Equipe,14/11/2023
9fdb9485-a2b4-4acc-9e2f-92477ab44ee4,Lagoa do Ouro - PE,Coordenação de Equipe,7/3/2024
9e427f66-07a4-47d9-95e4-e6bbe3316c0c,Bonfim - RR,Coordenação APS,4/4/2023
2fd4a21c-0e69-481d-a011-e52cb2a92b85,Baraúna - RN,Coordenação de Equipe,16/3/2023
05135e6b-23a6-4a21-a0ab-99f73ccb6af3,Coronel Murta - MG,Coordenação de Equipe,7/3/2024
9c01673e-bc7d-4d70-b1ea-b2265ba7b4d0,Cristino Castro - PI,Coordenação de Equipe,9/5/2023
e3c134c4-32a5-46bd-b6eb-9a7439c43d60,Santo Antônio do Descoberto - GO,Coordenação de Equipe,4/4/2024
47ef9021-e344-4b56-af60-973d932edb56,Jucuruçu - BA,Coordenação de Equipe,24/10/2023
d9b6d04c-4a74-4206-adab-3f2566175ba8,Viana - MA,Coordenação de Equipe,16/3/2023
24089c46-fb1b-4135-8170-8f8c265a9fae,Vitorino Freire - MA,Coordenação de Equipe,10/6/2024
65da022f-f848-4a8b-a867-4f29c5bda56d,Palmeira das Missões - RS,Coordenação de Equipe,24/10/2023
1ef61f85-ab9f-4798-89b5-3d2451175549,Afuá - PA,Coordenação de Equipe,4/4/2023
b4505d21-12e8-4ecc-82cb-aad87203ad8d,Mazagão - AP,Coordenação de Equipe,5/6/2023
feb83ec6-80af-4e84-a3dd-78a6e94964ef,Jacobina - BA,Coordenação de Equipe,4/4/2023
ea562f96-e734-420a-a7c9-63b655c08efa,Tamandaré - PE,Coordenação APS,22/11/2022
e23ea505-d7c8-4292-914c-3a98e7be0c6d,Vitorino Freire - MA,Coordenação de Equipe,24/10/2023
66700846-28bd-4fd2-b4e0-91888f9b1756,Tamandaré - PE,Coordenação de Equipe,22/11/2022
2c21b434-6e18-409c-a767-fa263c53aa37,Minaçu - GO,Coordenação de Equipe,10/11/2022
0a83d262-3630-41a5-b36f-a48ebe9f80e2,Vitorino Freire - MA,Coordenação de Equipe,24/10/2023
bd12b019-86cb-4832-beb2-69ae88e26d4f,Monsenhor Tabosa - CE,Coordenação de Equipe,21/2/2024
5aab608d-e9a7-41a5-a942-421dc3de10d3,Jandaíra - BA,Coordenação de Equipe,30/6/2023
7f476758-4262-4e15-ae8f-8ce07fc86ca7,Amparo - SP,Coordenação de Equipe,24/4/2023
70e33d87-e0f4-4cf2-ad6d-61975b19cb6b,Guapó - GO,Coordenação de Equipe,10/11/2022
b7444683-d8de-4ef2-a70b-2ce6f36f4df8,Chaves - PA,Coordenação APS,30/11/2023
c4637539-89dd-4801-9b05-af964c99e711,Campo Grande - RN,Coordenação de Equipe,21/2/2024
4a8f0567-9714-4d1f-94ac-3edcd8caf313,São Roque - SP,Coordenação de Equipe,6/3/2023
ca0d7687-5fab-4421-bc68-486bb32d8a11,Jucuruçu - BA,Coordenação de Equipe,24/10/2023
1eea3882-fbaf-44b1-9934-87bc3dbe8c64,Dois Vizinhos - PR,Coordenação de Equipe,5/6/2023
2952c392-03a7-42b6-988b-5c9b5bd85874,Alvorada de Minas - MG,Coordenação de Equipe,7/3/2024
d5b7a687-0980-4279-84a1-16eba47af747,Oiapoque - AP,Coordenação APS,15/8/2023
3841cb10-fb12-405c-9d15-de365306303b,José Gonçalves de Minas - MG,Coordenação APS,20/12/2022
788bc5a9-f04a-422f-bb05-dc2bb2d4896c,Palestina do Pará - PA,Coordenação de Equipe,29/5/2024
42343868-58da-4194-91da-0fb8949af011,Oiapoque - AP,Coordenação de Equipe,6/3/2024
ac6de04d-bb16-427a-8368-d152cf13443f,Itabira - MG,Coordenação de Equipe,7/7/2023
0103a1d1-96c8-4d98-b263-0549294aff13,Juquitiba - SP,Coordenação de Equipe,8/11/2022
e63648c7-2a13-4100-9794-ad5c2e6b90a4,Jacobina - BA,Coordenação de Equipe,29/1/2024
981eff6d-261a-4a15-bdf5-886091f14305,Itabira - MG,Coordenação de Equipe,7/7/2023
30b8da5e-aa47-4fc4-91ef-d518fc1708d4,Jacobina - BA,Coordenação de Equipe,30/1/2024
6760b6ab-64ef-4990-9602-37efa45e30e8,Mazagão - AP,Coordenação APS,21/6/2023
eeaca580-e266-48c7-9584-98620c6dd302,Baraúna - RN,Coordenação de Equipe,16/3/2023
4c045307-5ac9-4b2a-97f3-1254fa1e534e,Campo Grande - RN,Coordenação de Equipe,21/2/2024
5141b372-7374-44c3-80fa-3cb55f2e8e9e,Pacoti - CE,Coordenação de Equipe,21/2/2024
05c4b74f-7406-4978-99ae-a94ee55cfb05,Minaçu - GO,Coordenação de Equipe,10/11/2022
0dc5790c-38c3-4da6-b3fc-58db8094ef41,Tarrafas - CE,Coordenação de Equipe,4/4/2023
76c18790-a9f1-4e36-b136-e53fe9df6d9e,Inhambupe - BA,Coordenação APS,14/8/2023
0539648b-f962-4951-b5d6-2566741358fd,Oiapoque - AP,Coordenação APS,15/8/2023
367d9928-7943-470b-a9aa-1ca9b5068cfd,Betânia - PE,Coordenação de Equipe,14/8/2023
766c27a0-53ff-4725-b416-137b9518fda2,Aurora - SC,Coordenação de Equipe,10/8/2023
3f159978-b26b-4a5a-8750-c2467d0fe403,Dois Vizinhos - PR,Coordenação de Equipe,5/6/2023
1f3b964b-8eb5-431f-aa93-976d936cf7b6,Minas Novas - MG,Coordenação APS,14/3/2024
38028e51-e1c9-42c9-8f29-d175ad1e961e,Santo Antônio do Descoberto - GO,Coordenação de Equipe,16/3/2023
960bb863-1a1b-4c49-8571-2e3f43006cdd,Lagoa do Ouro - PE,Coordenação de Equipe,7/3/2024
7c0e1d26-60c7-4925-9a63-287f93b4bf9d,Palestina do Pará - PA,Coordenação APS,21/2/2024
9a4c2389-e270-4e34-9466-265d9315aa48,Minas Novas - MG,Coordenação de Equipe,14/3/2024
06beaf16-7bec-449e-a06b-8d69791c0b7f,Minas Novas - MG,Coordenação de Equipe,14/3/2024
7088f2fc-c4d6-4df3-a6f1-550fac0ba5dd,Juquitiba - SP,Coordenação de Equipe,6/6/2023
a209b5ef-4b7b-4810-bc7e-a81cb3a871a9,Paulo Ramos - MA,Coordenação de Equipe,25/3/2024
0bdaf4b3-f44f-4cab-80f6-af512b35ed82,Monsenhor Tabosa - CE,Coordenação de Equipe,21/2/2024
858c2652-60f4-4b14-afe7-6ce06e13ff6d,São Félix de Balsas - MA,Coordenação de Equipe,14/11/2023
448c40c0-6bc8-495c-a268-bc9735d32765,Paes Landim - PI,Coordenação de Equipe,9/5/2023
2657cfe5-8737-43ff-9855-59525ac521c5,Dois Vizinhos - PR,Coordenação de Equipe,23/4/2024
928498a3-5021-4c80-aa43-07a0690c8b62,Jacobina - BA,Coordenação de Equipe,23/1/2024
cd8857be-1bf9-4c97-bcd8-eb4ccfc9e8d7,Belém do Brejo do Cruz - PB,Coordenação de Equipe,21/11/2023
ba85a591-5142-474c-8003-c15d577a76a9,Rodrigues Alves - AC,Coordenação de Equipe,8/12/2023
eed2c428-0efb-4e43-adfc-878f938f05a4,Formosa do Rio Preto - BA,Coordenação de Equipe,17/8/2023
2ac83395-33ce-4f27-919a-5d583d4332e1,Santanópolis - BA,Coordenação de Equipe,21/2/2024
9214bc0e-a702-4cb3-96a5-448dac9cb025,Afuá - PA,Coordenação de Equipe,25/4/2024
471fe223-5c90-48a5-9285-e4bd8810b626,Baraúna - RN,Coordenação APS,16/3/2023
47f6ceb1-ec16-4e0c-a3c8-a76360ceac74,Três Marias - MG,Coordenação de Equipe,4/8/2023
74eec854-4867-4261-9c71-7d9e9f1dceab,Baraúna - RN,Coordenação de Equipe,16/3/2023
11477a7a-b502-4d0a-ae42-95bec21fe02d,Viana - MA,Coordenação de Equipe,16/3/2023
7984c7ea-e649-4a7f-8823-cae7a9bcd028,Chaves - PA,Coordenação de Equipe,30/11/2023
63cb4d91-f065-4318-83b3-4665bff756b1,Sigefredo Pacheco - PI,Coordenação de Equipe,19/3/2024
9f07d4cd-407a-4831-9f01-73ecd3766f51,Coluna - MG,Coordenação de Equipe,25/3/2024
dda99fad-bf1d-402f-961c-8e4c32025ff8,Minas Novas - MG,Coordenação de Equipe,14/3/2024
8c7a949e-fa3a-4896-bdfd-0a93ba984fbd,Itabira - MG,Coordenação de Equipe,7/7/2023
3d3e75a5-7d9a-4e7b-a609-f82609f7dfdb,Marechal Thaumaturgo - AC,Coordenação de Equipe,24/10/2023
ff2f77a1-d766-4ccb-bad2-6546d61ed4e8,São Roque - SP,Coordenação de Equipe,6/3/2023
63f65190-441e-4c1f-b409-5f43c39aa049,Amargosa - BA,Coordenação de Equipe,13/6/2024
863ae8e4-9091-4caa-b7c6-ccfb5f6dfb3a,Itabira - MG,Coordenação de Equipe,7/7/2023
aac38b4d-25ef-44e2-9a3d-b5ddfd3e38b6,Itabira - MG,Coordenação de Equipe,7/7/2023
d21dfa69-dfea-4c08-95d9-ee6a7046e632,Vitorino Freire - MA,Coordenação de Equipe,24/10/2023
d55120d0-6922-4566-8ed6-b7baf311c2e7,Juquitiba - SP,Coordenação de Equipe,8/11/2022
b83e80a0-c83b-4c6a-a56d-92b2015cd916,Amparo - SP,Coordenação de Equipe,1/8/2023
dfff94ea-e551-4598-8111-befe1c93a596,Jacobina - BA,Coordenação de Equipe,4/4/2023
c9ba886d-fd29-49b0-b3d3-df12f376813c,Jacobina - BA,Coordenação de Equipe,11/7/2023
4bdb1e62-e1ae-40a1-9ce4-48360dbf2a08,Alvorada de Minas - MG,Coordenação de Equipe,8/3/2024
ea72382c-9888-422b-9a52-96b5e6a699a2,Amparo - SP,Coordenação APS,1/8/2023
161159ee-77ab-40dc-81dd-b49b83463ef2,Itabira - MG,Coordenação de Equipe,7/7/2023
7c19ff0e-a49e-4a39-8a41-f296fc6c14df,Boa Vista - PB,Coordenação APS,3/3/2023
fed22165-9980-4358-a2cf-11c427109931,Tarrafas - CE,Coordenação de Equipe,4/4/2023
d06ddc07-d993-4cb4-ba1b-c03453a3d4b2,Rio Piracicaba - MG,Coordenação de Equipe,10/11/2022
ac1da898-5c67-4cc3-94ff-b5ceb417bee2,Palestina do Pará - PA,Coordenação de Equipe,21/2/2024
5adf9b67-b045-4464-8cda-903254de9f0a,Minas Novas - MG,Coordenação de Equipe,4/4/2024
a9e201a4-3fa7-4db1-8073-a7f72a68d06a,Itabira - MG,Coordenação de Equipe,7/7/2023
210e2b94-0542-4f2f-bb5c-d025a73c5b40,Itabira - MG,Coordenação de Equipe,11/7/2023
6d9e7fd7-62e4-42ca-88fc-2460c4ca9f91,Mazagão - AP,Coordenação APS,5/6/2023
3a63b0df-8ac9-44c5-911c-e9832c886351,Pacoti - CE,Coordenação de Equipe,21/2/2024
36086688-7b57-45b3-96b7-4a3e096a26f7,Altamira do Maranhão - MA,Coordenação de Equipe,21/2/2024
dd8991f3-8652-4b34-80cf-67a16f4cb72a,Cristino Castro - PI,Coordenação de Equipe,9/5/2023
94e18884-aa26-4958-94e8-de07369a91ac,Monsenhor Tabosa - CE,Coordenação de Equipe,21/2/2024
ac9ba62d-eb60-4a5f-9cee-86117929c8e6,Silvianópolis - MG,Coordenação de Equipe,13/6/2024
eec3a03a-c8bf-4441-9f6b-6fbbad166f71,Palmeira do Piauí - PI,Coordenação APS,14/11/2023
b815fac9-c0f5-4152-bb29-edf4f177c522,Salvaterra - PA,Coordenação de Equipe,17/8/2023
2186fbe5-4f09-4916-94c4-ccc7e491e9b8,Belém do Brejo do Cruz - PB,Coordenação de Equipe,21/11/2023
4072b91d-40c6-4ea8-ab01-a71480c8b4c5,Tamandaré - PE,Coordenação de Equipe,22/11/2022
86dce9fd-e417-4ad9-9a7b-130ff6b6c2d0,Tamandaré - PE,Coordenação de Equipe,22/11/2022
db764fa8-4e5f-4eb1-88d2-5dee5a4ff974,Formosa do Rio Preto - BA,Coordenação APS,17/8/2023
791f5200-4cc8-47d2-b320-84c2af8ea269,Santanópolis - BA,Coordenação de Equipe,21/2/2024
fb9474c2-57e7-419b-a58c-0a1648e5ed56,Alagoinha - PE,Coordenação de Equipe,8/4/2024
5a12941a-f675-4cd5-87cf-ac9f46ed3020,Campos Novos - SC,Coordenação de Equipe,14/11/2023
c11a1807-7bc7-4084-a390-78cc09c9b3c5,Inhambupe - BA,Coordenação de Equipe,14/8/2023
2976b3e3-9afe-4118-82d6-9924cae888b8,Carmo do Rio Claro - MG,Coordenação de Equipe,8/2/2023
16c38166-c176-440f-b74a-ddc87ae337d0,Jacobina - BA,Coordenação de Equipe,23/1/2024
e3faf97d-5042-413e-b113-19e98c836955,Rodrigues Alves - AC,Coordenação APS,8/12/2023
f1567fed-19d6-41a9-ae32-7687549f8da5,Palmeira das Missões - RS,Coordenação de Equipe,24/10/2023
f662760f-9836-4df4-850f-a133f1a0cf50,Rodrigues Alves - AC,Coordenação APS,8/12/2023
9e4017ef-b0fc-4057-807f-087a4d9c6014,Amparo - SP,Coordenação APS,1/8/2023
d5cd5c55-65f1-4078-9f59-d346cc8a84a2,Betânia - PE,Coordenação de Equipe,14/8/2023
c20f23c6-f6d3-4b4d-af70-bd15a307dcaa,Afuá - PA,Coordenação APS,4/4/2023
babd626f-cb0d-40e6-86d9-27c9d66dc6ef,Jacobina - BA,Coordenação de Equipe,12/7/2023
b2901f06-e19a-47e8-96a8-9c9ad2c99c17,Sigefredo Pacheco - PI,Coordenação APS,19/3/2024
0954bd33-d0f7-43e5-ad8e-f85db9d8f38f,Belém do Brejo do Cruz - PB,Coordenação de Equipe,21/11/2023
73c3fe1b-c93c-4e68-be2d-35a19cd80601,Formosa do Rio Preto - BA,Coordenação APS,17/8/2023
85c6f49f-894e-4f35-867e-0fa6a2df2e8c,Juquitiba - SP,Coordenação APS,6/3/2023
9c980214-2875-45db-9874-4361a0a524ae,Formosa do Rio Preto - BA,Coordenação de Equipe,17/8/2023
8985b26e-23e9-4991-9fa9-b7ed14b69b6c,Viana - MA,Coordenação de Equipe,16/3/2023
831409cd-87a6-48dd-ab0c-a91c92b13153,Campo Grande - RN,Coordenação de Equipe,21/2/2024
268d1da0-23d4-4860-a7a9-81986b1b5574,Formosa do Rio Preto - BA,Coordenação de Equipe,17/8/2023
e4e0e5c9-55f2-45d7-a344-a1b518f3e7d2,Inhambupe - BA,Coordenação de Equipe,14/8/2023
c7e96a51-d624-4615-b348-9fc162c56930,Paulo Ramos - MA,Coordenação de Equipe,25/3/2024
e9850357-3d43-41df-81ee-20a155e66df4,Nova Olinda do Maranhão - MA,Coordenação de Equipe,8/12/2022
3c709728-4613-40aa-ad5a-9baf5f5b2eb2,Boa Vista - PB,Coordenação de Equipe,3/3/2023
6c045fbc-217d-4939-8410-412a6ef094d7,Itabira - MG,Coordenação de Equipe,7/7/2023
bbcbe362-d7bb-42f2-b707-1665aba13afa,Brasiléia - AC,Coordenação de Equipe,28/11/2023
602e1f27-2ed2-41e8-9b6e-c4194ee741b8,Juquitiba - SP,Coordenação APS,23/11/2023
77987238-86a0-44e7-ab45-f24f81e70eac,São Roque - SP,Coordenação APS,13/11/2023
1bca2488-f122-4054-89e6-a3d1f2161be2,Vitorino Freire - MA,Coordenação de Equipe,24/10/2023
d825e410-b243-4c61-818b-d849c8c93dbb,Santo Antônio do Descoberto - GO,Coordenação de Equipe,16/3/2023
4e0756d3-5bda-4174-8470-c4c218483096,Jandaíra - BA,Coordenação APS,11/4/2024
b95677ab-281a-42b7-901a-f5c22100ff68,Nova Olinda do Maranhão - MA,Coordenação de Equipe,8/12/2022
eeeb1d69-194b-483a-8d84-fccfe15c58f7,Brasiléia - AC,Coordenação de Equipe,28/11/2023
9bb1d1b6-4954-47f3-901d-ce3acc9a076e,Dois Vizinhos - PR,Coordenação de Equipe,5/6/2023
e321f0ec-9c5a-45de-8950-8278ae07caae,Formosa do Rio Preto - BA,Coordenação de Equipe,17/8/2023
bf4d60f5-713e-4200-ab66-62cac2c8c924,Balneário Piçarras - SC,Coordenação de Equipe,31/8/2023
d2e3f142-895f-4604-91d5-3c1b42afb6ad,Lago Verde - MA,Coordenação de Equipe,8/4/2024
71fdc179-eb0a-4253-87f1-549cce6a7bda,Alvinópolis - MG,Coordenação de Equipe,6/3/2023
1c3e821a-c72f-49ac-a214-4bc78436f3e9,Três Marias - MG,Coordenação de Equipe,10/11/2022
1bd38448-e68e-4ea2-8392-34d328e4435d,Minas Novas - MG,Coordenação de Equipe,23/4/2024
8013cbff-c7bc-46f0-9f1d-997bc0deb6f7,Lagoa do Ouro - PE,Coordenação de Equipe,7/3/2024
c4525391-e568-4e45-918f-1d2a1be6c9cc,Santa Luz - PI,Coordenação de Equipe,25/5/2023
41905518-5f89-4ee3-8f50-4f1598b05692,Viana - MA,Coordenação de Equipe,16/3/2023
f6f6ec76-bcb8-4267-b93c-d9dfea1b0029,Pacoti - CE,Coordenação de Equipe,21/2/2024
4f55e77e-3daa-4d37-ad55-d4a2cd2aefed,Salvaterra - PA,Coordenação de Equipe,28/6/2024
df6ccadd-208e-41c8-97b2-92f38b9f9c71,Fartura do Piauí - PI,Coordenação APS,4/4/2023
b6f4e98a-7d86-4a29-bd4f-30fc15e1fab9,Lagoa do Ouro - PE,Coordenação de Equipe,7/3/2024
07ba7b25-9728-410f-951d-544883768dfd,Sigefredo Pacheco - PI,Coordenação APS,19/3/2024
1d8afb7d-082f-47f1-8e9e-af01c5832aa1,Inhambupe - BA,Coordenação de Equipe,14/8/2023
62ede1df-deaf-4bc6-a488-ccde464c1fdd,Pacoti - CE,Coordenação de Equipe,11/3/2024
d86428f3-dabf-4a89-b175-ebbe8d71fd4e,Viana - MA,Coordenação de Equipe,16/3/2023
86873c08-d525-43b1-b70a-69c6bc265290,Brasiléia - AC,Coordenação de Equipe,28/11/2023
7cd37e5a-e818-47da-968e-6fba2f779a95,Santo Antônio do Descoberto - GO,Coordenação de Equipe,16/3/2023
9c4d9f2f-49da-4c17-9c6b-006b60cd923e,Amargosa - BA,Coordenação APS,13/6/2024
a5287d16-582a-437c-a180-1d8d3911d8d1,Três Marias - MG,Coordenação de Equipe,10/11/2022
8df178e4-3783-40a6-bd6e-2db4b62de409,Jaguapitã - PR,Coordenação de Equipe,9/2/2023
eb26854a-fe6e-4bb5-b555-62525f394dad,Francisco Badaró - MG,Coordenação de Equipe,7/3/2024
fc8f69b1-798d-4690-9545-69b04971a55d,Monsenhor Tabosa - CE,Coordenação de Equipe,21/2/2024
ee74ea30-9df5-4db1-a92d-a2bad6362ac8,Tamandaré - PE,Coordenação APS,28/3/2023
39d3db53-2a11-4852-aff5-1a33e57d9d3f,Marechal Thaumaturgo - AC,Coordenação de Equipe,24/10/2023
bcae20b3-b173-4768-85c4-b8a19214870b,Itabira - MG,Coordenação de Equipe,7/7/2023
67d21a69-91b7-493a-99f8-26790d95d73d,Vitorino Freire - MA,Coordenação de Equipe,11/6/2024
a6967ded-1b7a-4aee-8561-d432c527638a,Amparo - SP,Coordenação de Equipe,24/4/2023
dc561e26-710f-40be-b305-9969e97b46b1,Brejo de Areia - MA,Coordenação de Equipe,17/2/2023
9abe2685-662a-4aa7-921b-bb59cb9defea,Sigefredo Pacheco - PI,Coordenação de Equipe,19/3/2024
b685baf1-29b5-4653-98a2-564b648243a8,Jandaíra - BA,Coordenação de Equipe,30/6/2023
074e1bd5-5476-4ad2-b12b-c6add0e280c4,Itabira - MG,Coordenação de Equipe,7/7/2023
812665d5-0e0e-47aa-ac27-3806a8b9f57f,Dois Vizinhos - PR,Coordenação de Equipe,5/6/2023
2f13a77c-069c-4bc2-9f60-24ab041c9063,Cristino Castro - PI,Coordenação de Equipe,12/4/2024
1dcd8c9e-b95b-4308-a97d-68f115a5f48d,Balneário Piçarras - SC,Coordenação de Equipe,29/8/2023
e20c6c83-ebdf-4b03-b6be-3cada356d968,Balneário Piçarras - SC,Coordenação de Equipe,29/8/2023
dc963e33-f386-4f84-ace4-aced7c119745,Loreto - MA,Coordenação de Equipe,13/6/2024
4880d5fd-88d5-4c86-b320-3ed89a1f46f4,Juquitiba - SP,Coordenação APS,8/11/2022
16bf4846-9a39-402f-935b-2af591a0deb4,Lago Verde - MA,Coordenação de Equipe,16/11/2023
4940cb1e-03c7-4e72-80f8-205229fe52cc,Marechal Thaumaturgo - AC,Coordenação de Equipe,24/10/2023
b455bc3e-296e-47de-913a-4361cdd13cda,Inhambupe - BA,Coordenação de Equipe,14/8/2023
6f42691c-2878-49a9-b0e8-156ece4486ad,Jacobina - BA,Coordenação de Equipe,4/4/2023
c0a6f457-71b3-4ed0-92dd-898a21daf834,Santo Antônio do Descoberto - GO,Coordenação de Equipe,16/3/2023
08a42ba6-04a7-459b-aa7c-41f0c3c5b97d,Baraúna - RN,Coordenação de Equipe,24/10/2023
07802bfb-f4c2-4d11-a4cd-4845bab7cd7b,Jacobina - BA,Coordenação de Equipe,4/4/2023
886c8503-edb5-48d1-8949-5eb18a247d29,Rodrigues Alves - AC,Coordenação APS,1/4/2024
7e7368d8-8a2b-4545-a671-2cf9479c7483,Palmeira do Piauí - PI,Coordenação de Equipe,14/11/2023
71ca105f-123f-4211-8d74-59ad770ce0cd,Coronel Murta - MG,Coordenação de Equipe,7/3/2024
436b2cab-d496-439b-adcb-e22238f5657a,Rio Piracicaba - MG,Coordenação de Equipe,10/11/2022
59a7f09d-3c87-474e-8d8d-4fb3b4d76183,Alvinópolis - MG,Coordenação de Equipe,6/3/2023
6838559b-c585-4b52-a75a-8321c095f7db,Jucuruçu - BA,Coordenação APS,24/10/2023
14bc69a1-c885-4d62-9ea2-8146f657eedd,Fartura do Piauí - PI,Coordenação de Equipe,22/1/2024
a131abbc-ddd3-43d7-92df-d73e968d0f7a,Juquitiba - SP,Coordenação de Equipe,8/11/2022
166f0128-a2ea-4754-94ed-744709096214,Alagoinha - PE,Coordenação de Equipe,7/12/2022
a9fbb9f8-348d-468c-a109-2f5bf6b9706c,Jucuruçu - BA,Coordenação APS,25/10/2023
462377af-9eda-4aa2-ac24-82af7f3add53,Inhambupe - BA,Coordenação APS,17/11/2023
524fa2c4-dca9-4704-a25f-bcdd2e78389c,Paulo Ramos - MA,Coordenação de Equipe,25/3/2024
1fb0a0b8-012d-45d6-9908-6d31325929a6,Jaguapitã - PR,Coordenação APS,9/2/2023
8e1f3b8a-ff3b-4712-ad5d-7cb3e3f1271c,Pacoti - CE,Coordenação de Equipe,21/2/2024
